step,component,component_label,entropy,infeasible_mass,expected_J,optimality_gap,regret,stability_tv,max_probability
0,base_only,Base dynamics only,7.216017295607653,0.2960187100519966,0.4816846304924374,0.4816846304924374,0.48198367623642363,0.0,0.001978296223300085
1,base_only,Base dynamics only,7.216843208614071,0.29375307383726706,0.4810855536447724,0.4810855536447724,0.4805986016477187,0.0032949714763332826,0.0019726676647596067
2,base_only,Base dynamics only,7.2176727058139605,0.2914939691603138,0.48048316124356905,0.48048316124356905,0.47921428859766907,0.0032947613914360912,0.0019671988079415404
3,base_only,Base dynamics only,7.218499760018193,0.28924161083205147,0.47987768932698865,0.47987768932698865,0.4778309785280473,0.0032947215815177216,0.0019624016771534985
4,base_only,Base dynamics only,7.219324451232739,0.2869960690324589,0.47926913174981983,0.47926913174981983,0.47644869095700226,0.00329464027644486,0.0019575343873531334
5,base_only,Base dynamics only,7.220146857585509,0.2847574140025738,0.4786574827144211,0.4786574827144211,0.4750674453313198,0.0032945608272617957,0.001952598344610417
6,base_only,Base dynamics only,7.220967055345212,0.28252571601190435,0.47804273676299913,0.47804273676299913,0.47368726100531683,0.0032943875859618235,0.001947594935213032
7,base_only,Base dynamics only,7.221785118910509,0.2803010453254373,0.4774248887701613,0.4774248887701613,0.47230815722041286,0.003294194253477327,0.0019425255258113613
8,base_only,Base dynamics only,7.222601120781772,0.27808347217033896,0.47680393393575926,0.47680393393575926,0.47093015308542474,0.0032938915484865927,0.00193739146358375
9,base_only,Base dynamics only,7.223415131528004,0.27587306670243394,0.47617986777803967,0.47617986777803967,0.4695532675576234,0.0032937682447127404,0.0019324506964652213
10,base_only,Base dynamics only,7.224227219760165,0.2736698989725523,0.4755526861271153,0.4755526861271153,0.4681775194245875,0.003293675251090543,0.0019279212751298106
11,base_only,Base dynamics only,7.2250374521191905,0.27147403889282906,0.47492238511876966,0.47492238511876966,0.4668029272868871,0.003293602067787029,0.0019233195667906257
12,base_only,Base dynamics only,7.225845893282307,0.269285556203037,0.4742889611886032,0.4742889611886032,0.4654295095416263,0.003293511766375143,0.0019186470414580571
13,base_only,Base dynamics only,7.226652605986251,0.26710452043703276,0.4736524110665328,0.4736524110665328,0.46405728436686944,0.0032933305503083333,0.0019139051495827388
14,base_only,Base dynamics only,7.227457651061468,0.2649310008893914,0.4730127317716486,0.4730127317716486,0.4626862697069726,0.003293134638578775,0.00190909532203596
15,base_only,Base dynamics only,7.22826108746825,0.2627650665823028,0.47236992060743865,0.47236992060743865,0.46131648325884156,0.0032930199534638663,0.0019042189701106824
16,base_only,Base dynamics only,7.229062972324422,0.2606067862327971,0.4717239751573792,0.4717239751573792,0.45994794245912707,0.003292842734049709,0.0018992774855422765
17,base_only,Base dynamics only,7.229863360914263,0.25845622822036707,0.4710748932808988,0.4710748932808988,0.45858066447237295,0.0032925680580521226,0.0018942722405480895
18,base_only,Base dynamics only,7.230662306669297,0.25631346055504695,0.4704226731097149,0.4704226731097149,0.457214666180123,0.0032923014703759605,0.0018892045878849317
19,base_only,Base dynamics only,7.231459861112545,0.25417855084600827,0.4697673130445417,0.4697673130445417,0.4558499641709931,0.003292143188988457,0.0018840758609235684
20,base_only,Base dynamics only,7.232256073758314,0.25205156627072445,0.4691088117521713,0.4691088117521713,0.45448657473170995,0.003291999181509158,0.001878887373739295
21,base_only,Base dynamics only,7.233050991958548,0.24993257354475737,0.46844716816291987,0.46844716816291987,0.45312451383911606,0.003291777939273645,0.0018736404212176666
22,base_only,Base dynamics only,7.233844660684017,0.2478216388922108,0.4677823814684403,0.4677823814684403,0.45176379715313586,0.0032916048696394586,0.0018683362791744552
23,base_only,Base dynamics only,7.234637122222446,0.24571882801689432,0.467114451119891,0.467114451119891,0.4504044400106969,0.0032913981871392417,0.0018629762044889047
24,base_only,Base dynamics only,7.235428415764381,0.24362420607423707,0.46644337682645765,0.46644337682645765,0.4490464574205963,0.0032912425334769542,0.001857561435249365
25,base_only,Base dynamics only,7.236218576826016,0.24153783764398562,0.46576915855421736,0.46576915855421736,0.4476898640592991,0.0032908886782378726,0.0018521067592318645
26,base_only,Base dynamics only,7.237007636411542,0.23945978670371856,0.4650917965253393,0.4650917965253393,0.4463346742676554,0.003290524669682623,0.0018474368835988343
27,base_only,Base dynamics only,7.237795620501215,0.23739011663332005,0.46441129122907265,0.46441129122907265,0.4449809020730798,0.003290216968606774,0.001842702332980442
28,base_only,Base dynamics only,7.238582546364875,0.2353288901194195,0.4637276433948184,0.4637276433948184,0.4436285611306329,0.003290028570929475,0.001837904411285513
29,base_only,Base dynamics only,7.239368419835674,0.23327616918704264,0.46304085400788464,0.46304085400788464,0.4422776647640285,0.003289868430723553,0.001833044405994654
30,base_only,Base dynamics only,7.240153250095581,0.23123201618760827,0.4623509246577849,0.4623509246577849,0.4409282267325459,0.0032895822962028367,0.0018281235855062757
31,base_only,Base dynamics only,7.2409370960435675,0.22919649709109352,0.46165785861218717,0.46165785861218717,0.43958026353759216,0.0032893060629631448,0.0018231431905633155
32,base_only,Base dynamics only,7.241720184325407,0.2271696901410363,0.46096166366350455,0.46096166366350455,0.43823380037474635,0.0032890020493947397,0.0018181044125784407
33,base_only,Base dynamics only,7.242503048038008,0.22515169737168098,0.4602623560066213,0.4602623560066213,0.43688887915648633,0.0032887246820907006,0.0018130083659891796
34,base_only,Base dynamics only,7.243286593218508,0.2231426497791899,0.4595599624709393,0.4595599624709393,0.43554556298566893,0.0032883413126095404,0.00180785607879488
35,base_only,Base dynamics only,7.244071879239369,0.22114269086504645,0.45885451553578865,0.45885451553578865,0.4342039262447735,0.003287846811631665,0.0018026485351821814
36,base_only,Base dynamics only,7.244859665990248,0.2191519390535473,0.45814604097806244,0.45814604097806244,0.4328640290693939,0.0032873769425180825,0.0017973867690699219
37,base_only,Base dynamics only,7.245650563921329,0.21717048633323893,0.45743455739484296,0.45743455739484296,0.43152591640183036,0.0032868823398933514,0.0017920718655163098
38,base_only,Base dynamics only,7.246444334640532,0.21519835496325113,0.4567200593337546,0.4567200593337546,0.4301895826051159,0.003286466952512346,0.0017867050606806892
39,base_only,Base dynamics only,7.2472404289342185,0.21323553453291055,0.4560025294433987,0.4560025294433987,0.42885499576353797,0.00328611577747516,0.001781507909886
40,base_only,Base dynamics only,7.248037991004326,0.21128199151277402,0.4552819408129375,0.4552819408129375,0.4275221021466107,0.003285766674452169,0.0017766214768440147
41,base_only,Base dynamics only,7.248836104416712,0.20933769283314346,0.45455826547569417,0.45455826547569417,0.42619084382747197,0.0032854169542937263,0.0017716785939574532
42,base_only,Base dynamics only,7.249634030157602,0.20740262472972146,0.4538314823505109,0.4538314823505109,0.4248611755959005,0.0032851237841184807,0.001766680642710689
43,base_only,Base dynamics only,7.250431147173446,0.20547678954187915,0.45310157615085467,0.45310157615085467,0.4235330632037066,0.0032847863454014232,0.0017616289445637283
44,base_only,Base dynamics only,7.251227096447931,0.2035602109565544,0.4523685404951222,0.4523685404951222,0.4222064902650383,0.003284430558834178,0.0017565247511891896
45,base_only,Base dynamics only,7.252021625822522,0.20165292191774298,0.4516323737656053,0.4516323737656053,0.42088144962105767,0.0032841844766199812,0.0017521097629894767
46,base_only,Base dynamics only,7.252814612780421,0.19975496453469754,0.4508930789139061,0.4508930789139061,0.41955794314671985,0.0032839968703376053,0.001747687486071049
47,base_only,Base dynamics only,7.253606004612159,0.19786638591667421,0.45015066160810324,0.45015066160810324,0.41823597779809685,0.0032837756848057157,0.0017432038506172904
48,base_only,Base dynamics only,7.254395808630554,0.1959872371873052,0.4494051297897432,0.4494051297897432,0.4169155645926624,0.0032834655319990648,0.0017386600857949334
49,base_only,Base dynamics only,7.2551841005370115,0.19411757404696522,0.448656493761906,0.448656493761906,0.41559671867421755,0.0032832684870230454,0.0017340573939616886
50,base_only,Base dynamics only,7.2559710327359195,0.19225745778186093,0.4479047664574222,0.4479047664574222,0.4142794597745415,0.003282994445043746,0.0017293969487935628
51,base_only,Base dynamics only,7.256756822908561,0.19040695495555332,0.44714996328857975,0.44714996328857975,0.412963811874537,0.0032826773614163815,0.001724679896298149
52,base_only,Base dynamics only,7.257541750208823,0.18856613657254637,0.4463921018238002,0.4463921018238002,0.41164980255555667,0.003282332414313732,0.001719907356926341
53,base_only,Base dynamics only,7.25832616076505,0.18673507865032885,0.44563120220737323,0.44563120220737323,0.4103374639264463,0.0032819632511187414,0.0017150804246808705
54,base_only,Base dynamics only,7.259110290272583,0.18491384703895966,0.4448672819910678,0.4448672819910678,0.4090268220986918,0.0032816338053583876,0.0017102001992673809
55,base_only,Base dynamics only,7.2598943729241645,0.18310250583496335,0.4441003590330168,0.4441003590330168,0.40771790316159173,0.003281255088828511,0.0017052677680350374
56,base_only,Base dynamics only,7.260678645430158,0.1813011128009968,0.4433304499488598,0.4433304499488598,0.40641073006703876,0.003281085328311538,0.0017002842154500483
57,base_only,Base dynamics only,7.261463033219142,0.1795097008750961,0.4425575634974391,0.4425575634974391,0.4051053089211665,0.003280759973219403,0.001695250660989565
58,base_only,Base dynamics only,7.2622474664077785,0.17772829833737444,0.44178170746525447,0.44178170746525447,0.40380164307990163,0.003280367156892962,0.0016901682164170485
59,base_only,Base dynamics only,7.2630317672338975,0.1759569222471582,0.44100288619516737,0.44100288619516737,0.4024997279571597,0.0032799471008092018,0.0016850379990428993
60,base_only,Base dynamics only,7.263815682619226,0.17419558219797285,0.4402211017586466,0.4402211017586466,0.40119955333793567,0.003279625929405915,0.0016798611235853476
61,base_only,Base dynamics only,7.264598917889941,0.1724442841248014,0.4394363552148983,0.4394363552148983,0.3999011059174474,0.0032793544239402865,0.0016746386941904902
62,base_only,Base dynamics only,7.265381170158376,0.17070303382948424,0.4386486478631912,0.4386486478631912,0.39860437187160747,0.00327902148493735,0.0016697822891231754
63,base_only,Base dynamics only,7.266162166081219,0.16897184046176603,0.43785798253667907,0.43785798253667907,0.3973093395958764,0.003278771338546242,0.0016654507970314436
64,base_only,Base dynamics only,7.266941703792418,0.16725071952344522,0.43706436487523814,0.43706436487523814,0.39601600247888347,0.0032785150019697482,0.0016613277529403904
65,base_only,Base dynamics only,7.267719637266042,0.16553969236193855,0.4362678031498463,0.4362678031498463,0.39472435858629995,0.0032782063449663763,0.0016571449499690795
66,base_only,Base dynamics only,7.2684958427859545,0.16383878271854221,0.4354683068223837,0.4354683068223837,0.3934344075444888,0.0032779680171146353,0.0016529035890780256
67,base_only,Base dynamics only,7.269270335991825,0.1621480245729795,0.4346658900417323,0.4346658900417323,0.3921461582510184,0.003277757312658045,0.0016486048346584412
68,base_only,Base dynamics only,7.2700431345776,0.16046745317829014,0.43386056789017347,0.43386056789017347,0.3908596207320171,0.0032774242637555132,0.0016442498325537028
69,base_only,Base dynamics only,7.270814320896598,0.1587971075239609,0.4330523576403372,0.4330523576403372,0.3895748089642769,0.0032770473283466103,0.0016398397053370142
70,base_only,Base dynamics only,7.271583977308869,0.15713702654744724,0.4322412773059056,0.4322412773059056,0.38829173779763315,0.003276691862898239,0.0016353755598681578
71,base_only,Base dynamics only,7.272352197861773,0.15548724831451793,0.431427345568904,0.431427345568904,0.3870104228967974,0.003276457819522274,0.0016308584889041331
72,base_only,Base dynamics only,7.273119093049655,0.15384781009489362,0.430610581543017,0.430610581543017,0.38573088016177925,0.0032762787455910135,0.0016262895709557921
73,base_only,Base dynamics only,7.273884763578594,0.15221874765687643,0.42979100476756316,0.42979100476756316,0.3844531258211082,0.0032760451202664574,0.0016216698716532856
74,base_only,Base dynamics only,7.274649149809164,0.15060008223822116,0.42896863080411884,0.42896863080411884,0.3831771671130869,0.0032757882859225573,0.0016170363784538933
75,base_only,Base dynamics only,7.275412245347333,0.14899183503323357,0.42814347584521834,0.42814347584521834,0.38190301193624,0.0032753497476704927,0.0016130658615908506
76,base_only,Base dynamics only,7.276174182334455,0.14739403677055954,0.42731556001445037,0.42731556001445037,0.38063067591552624,0.0032749890999502086,0.00160903655715362
77,base_only,Base dynamics only,7.276934671955466,0.145806685347261,0.42648489307226817,0.42648489307226817,0.3793601520735548,0.0032747041369278742,0.001604949624433418
78,base_only,Base dynamics only,7.277693775223038,0.14422980040936909,0.42565149265980284,0.42565149265980284,0.3780914494557862,0.0032744123454659995,0.001600806167284672
79,base_only,Base dynamics only,7.278451289858507,0.14266338459770428,0.42481537116457424,0.42481537116457424,0.3768245652697647,0.0032742059000391796,0.0015966073071651105
80,base_only,Base dynamics only,7.279207152878655,0.1411074460666332,0.4239765433508446,0.4239765433508446,0.3755595010499868,0.0032739252464261,0.001592354140656222
81,base_only,Base dynamics only,7.279961211795936,0.1395619897754063,0.42313502333758,0.42313502333758,0.3742962562405402,0.0032735755095557604,0.0015880477557508373
82,base_only,Base dynamics only,7.280713430038368,0.13802702565670374,0.42229082749845115,0.42229082749845115,0.3730348343823502,0.0032733350295131697,0.001583689216706355
83,base_only,Base dynamics only,7.281463620287609,0.13650255593404984,0.42144396985483745,0.42144396985483745,0.3717752331963344,0.0032731239344173805,0.0015792795874506787
84,base_only,Base dynamics only,7.282211879869092,0.13498860060382323,0.42059447143171774,0.42059447143171774,0.3705174648762105,0.003272873374016376,0.0015748198848787168
85,base_only,Base dynamics only,7.282958067275494,0.13348516478634603,0.41974234819778505,0.41974234819778505,0.36926152989778166,0.003272474506846589,0.001571278319728867
86,base_only,Base dynamics only,7.283702140078174,0.13199225936658293,0.4188876192257948,0.4188876192257948,0.3680074348569259,0.003272098851182,0.0015679185185322742
87,base_only,Base dynamics only,7.28444422354138,0.13050990685488512,0.41803030785406664,0.41803030785406664,0.3667551949118181,0.0032718492322079164,0.0015644946167575947
88,base_only,Base dynamics only,7.285184175423405,0.1290381095362691,0.4171704317690804,0.4171704317690804,0.3655048124691947,0.0032717220597863863,0.0015610077640092054
89,base_only,Base dynamics only,7.285922134604897,0.12757688966229902,0.416308015414636,0.416308015414636,0.3642563038242033,0.003271540924502616,0.0015574590617802619
90,base_only,Base dynamics only,7.286657991970641,0.12612624872852926,0.41544307771735683,0.41544307771735683,0.36300967296858794,0.0032712872879137734,0.0015538496364459573
91,base_only,Base dynamics only,7.287391768465879,0.12468619841825762,0.4145756413390943,0.4145756413390943,0.36176493132015525,0.003270942798358703,0.00155018058361684
92,base_only,Base dynamics only,7.288123545477413,0.12325675022196395,0.4137057295426464,0.4137057295426464,0.36052209106448174,0.0032706234097062536,0.0015464529867129956
93,base_only,Base dynamics only,7.288853164837318,0.12183789900055247,0.412833361019737,0.412833361019737,0.35928115409106,0.003270227251741002,0.0015426679457463267
94,base_only,Base dynamics only,7.289580649045983,0.12042965172445,0.411958558815722,0.411958558815722,0.35804213109258426,0.0032699252919382864,0.0015388265263698879
95,base_only,Base dynamics only,7.290306058115231,0.11903201389947368,0.4110813460845322,0.4110813460845322,0.35680503251596246,0.003269802320671585,0.0015349297838979045
96,base_only,Base dynamics only,7.291029214857616,0.11764497492590056,0.41020174139875465,0.41020174139875465,0.35556985842045064,0.003269547051284312,0.0015309787886029
97,base_only,Base dynamics only,7.291750101860359,0.11626853434737353,0.40931976696362216,0.40931976696362216,0.35433661617580364,0.003269253692017046,0.0015281448086557653
98,base_only,Base dynamics only,7.292468710566192,0.11490269214874912,0.40843544582949654,0.40843544582949654,0.35310531444684423,0.003268984421531354,0.001525281902558904
99,base_only,Base dynamics only,7.2931850450300075,0.11354744628119345,0.4075488006092251,0.4075488006092251,0.3518759604757331,0.003268752026272029,0.0015223510905109378
100,base_only,Base dynamics only,7.2938989618597745,0.11220278548498126,0.40665985162303475,0.40665985162303475,0.35064855597910316,0.0032685053116027294,0.001519353522109248
101,base_only,Base dynamics only,7.294610432853624,0.11086870614216261,0.40576862204142017,0.40576862204142017,0.3494231083438481,0.0032681453449955673,0.0015162903234384748
102,base_only,Base dynamics only,7.295319483395961,0.10954520683749056,0.40487513615576876,0.40487513615576876,0.3481996268790135,0.0032677989166568265,0.0015131626063375596
103,base_only,Base dynamics only,7.296026029737238,0.10823227874131697,0.4039794166783317,0.4039794166783317,0.3469781169929031,0.003267535967115317,0.0015099714845615809
104,base_only,Base dynamics only,7.296730043838194,0.10692991615895733,0.40308148771055696,0.40308148771055696,0.34575858663826053,0.003267368438477772,0.0015067180555830312
105,base_only,Base dynamics only,7.297431559935108,0.1056381169514945,0.4021813749267096,0.4021813749267096,0.3445410467227363,0.0032671996368290566,0.0015034113422249735
106,base_only,Base dynamics only,7.29813055106292,0.10435687313594658,0.4012791027099168,0.4012791027099168,0.3433255048863413,0.003266988544725192,0.0015008352602236916
107,base_only,Base dynamics only,7.29882695302701,0.10308617395931645,0.4003746952697338,0.4003746952697338,0.3421119680032614,0.003266750559934151,0.0014981896190946968
108,base_only,Base dynamics only,7.29952074942465,0.10182601085238407,0.39946817794585,0.39946817794585,0.3409004449807799,0.0032663609131294465,0.0014955131436370252
109,base_only,Base dynamics only,7.300211924777265,0.10057637432588859,0.3985595763064176,0.3985595763064176,0.3396909448312973,0.0032660025770862937,0.0014931729108484581
110,base_only,Base dynamics only,7.300900472559235,0.09933725432695167,0.3976489162189124,0.3976489162189124,0.33848347684656077,0.003265640997904089,0.0014907601245647115
111,base_only,Base dynamics only,7.3015863707654365,0.09810863893677894,0.3967362235121351,0.3967362235121351,0.33727804985136267,0.003265474088650306,0.0014882759135112847
112,base_only,Base dynamics only,7.302269612960714,0.09689051648297417,0.39582152451479,0.39582152451479,0.33607467339356756,0.0032652628865045817,0.0014857213982870138
113,base_only,Base dynamics only,7.302950226213364,0.09568287552503205,0.3949048459895793,0.3949048459895793,0.3348733576249132,0.003265121278411296,0.0014830976910968434
114,base_only,Base dynamics only,7.3036281268882774,0.09448569705791064,0.3939862129458975,0.3939862129458975,0.33367410852013024,0.0032648824187133203,0.00148082045502201
115,base_only,Base dynamics only,7.304303292979227,0.09329896524672505,0.39306565172641417,0.39306565172641417,0.3324769346129995,0.003264558167470517,0.0014788994335893032
116,base_only,Base dynamics only,7.304975701021382,0.0921226633945143,0.3921431888167858,0.3921431888167858,0.33128184440676306,0.003264279931274011,0.0014769022872672323
117,base_only,Base dynamics only,7.305645327863134,0.09095677409785632,0.39121885088040564,0.39121885088040564,0.33008884646382036,0.003263981910026788,0.0014748300857303726
118,base_only,Base dynamics only,7.30631218527197,0.0898012814330576,0.39029266536070784,0.39029266536070784,0.32889795072255457,0.0032636709909073173,0.0014726838916344757
119,base_only,Base dynamics only,7.306976224831446,0.08865616471472629,0.38936465878625215,0.38936465878625215,0.32770916478872514,0.0032634412586975657,0.0014707197882268925
120,base_only,Base dynamics only,7.307637418860528,0.08752140403912519,0.3884348582450275,0.3884348582450275,0.3265224971837756,0.003263204842784702,0.001468873883800243
0,projection_only,Projection only,7.216017295607653,0.2960187100519966,0.4816846304924374,0.4816846304924374,0.48198367623642363,0.0,0.001978296223300085
1,projection_only,Projection only,6.865299227971595,0.058726350038879646,0.46709323708500317,0.46709323708500317,0.41331666773287956,0.2372928479117969,0.0026291372382422347
2,projection_only,Projection only,6.704590500632213,0.009071187749927396,0.4635373111326484,0.4635373111326484,0.3980365919914162,0.049663653712060205,0.002756651275332566
3,projection_only,Projection only,6.667875262264445,0.001228659760745789,0.46244820757630994,0.46244820757630994,0.39465907616829216,0.009807399332994977,0.002769074273150398
4,projection_only,Projection only,6.664654191808898,0.00017678224238727876,0.4617530353252493,0.4617530353252493,0.3931987542103529,0.004641289758170975,0.0027627255863502827
5,projection_only,Projection only,6.667595425603775,2.6400284753005742e-05,0.4611092625169022,0.4611092625169022,0.3920039840136944,0.004167963949994626,0.0027538951922565376
6,projection_only,Projection only,6.671567173200797,3.994777221252793e-06,0.4604679618858128,0.4604679618858128,0.39084391183731515,0.0041149429454170475,0.002744725503167047
7,projection_only,Projection only,6.675651683707725,6.594309952550373e-07,0.45982198428500587,0.45982198428500587,0.38968541759495423,0.0041178672366959535,0.0027355165433502237
8,projection_only,Projection only,6.6796831808346395,1.651173811715767e-07,0.45917024926393163,0.45917024926393163,0.38852366474300937,0.004128228251551923,0.0027263116258776044
9,projection_only,Projection only,6.683634013229918,9.404499890193652e-08,0.45851258564656955,0.45851258564656955,0.3873580358605606,0.004139329798338037,0.002717476963500007
10,projection_only,Projection only,6.687500912911316,8.605914881639192e-08,0.45784895941533277,0.45784895941533277,0.3861885430542316,0.004149753100452113,0.002709315873745243
11,projection_only,Projection only,6.691284744920546,8.751604933493425e-08,0.4571793581924235,0.4571793581924235,0.3850152925885333,0.0041597130280681726,0.002701144895250968
12,projection_only,Projection only,6.694987009409378,9.042719560063568e-08,0.45650377396545005,0.45650377396545005,0.3838384049782403,0.00416912941873086,0.0026929630665836844
13,projection_only,Projection only,6.698609258018272,9.360403540812075e-08,0.4558222005109186,0.4558222005109186,0.38265800299322883,0.00417817792465992,0.002684769408799126
14,projection_only,Projection only,6.7021530050135025,9.687075652910292e-08,0.4551346330156828,0.4551346330156828,0.3814742097895989,0.0041869997484153725,0.002676562937466472
15,projection_only,Projection only,6.705619719965404,1.002024128088059e-07,0.45444106802600004,0.45444106802600004,0.380287148551009,0.004196098282199669,0.0026683426600608885
16,projection_only,Projection only,6.709010832858971,1.0359657659756774e-07,0.45374150344429665,0.45374150344429665,0.3790969423556286,0.004205375096245488,0.002660107570184312
17,projection_only,Projection only,6.712327740206287,1.070542279044797e-07,0.4530359385317517,0.4530359385317517,0.3779037140773037,0.004214738901534737,0.0026518566403636204
18,projection_only,Projection only,6.715571810407809,1.105769095350345e-07,0.4523243739104284,0.4523243739104284,0.37670758629251194,0.004223992060872879,0.00264358881375133
19,projection_only,Projection only,6.718744388205505,1.1416630417759063e-07,0.4516068115640119,0.4516068115640119,0.37550868118899033,0.004233111719377649,0.002635302994857724
20,projection_only,Projection only,6.7218467983002625,1.1782417204725729e-07,0.4508832548370196,0.4508832548370196,0.37430712047554027,0.004241539333125686,0.0026269980394268222
21,projection_only,Projection only,6.724880348222427,1.21552342196451e-07,0.4501537084324678,0.4501537084324678,0.3731030252930585,0.004249282038249938,0.0026186727435764247
22,projection_only,Projection only,6.727846330530679,1.2535271180444956e-07,0.4494181784080102,0.4494181784080102,0.3718965161269196,0.004256676705440451,0.002610325832331689
23,projection_only,Projection only,6.7307460243975115,1.2922724664695986e-07,0.44867667217055884,0.44867667217055884,0.37068771272085455,0.004263689647470347,0.0026019559476890644
24,projection_only,Projection only,6.733580696622573,1.3317798173589713e-07,0.44792919846941504,0.44792919846941504,0.3694767339924621,0.004270310192989975,0.002593561636352599
25,projection_only,Projection only,6.7363516020977245,1.3720702198125928e-07,0.4471757673879334,0.4471757673879334,0.3682636979504975,0.004276563788322971,0.0025851575994867777
26,projection_only,Projection only,6.739059983728199,1.4131654285529427e-07,0.44641639033375063,0.44641639033375063,0.36704872161407387,0.004282568605724192,0.002577895672896997
27,projection_only,Projection only,6.741707071791132,1.455087910582874e-07,0.4456510800276146,0.4456510800276146,0.3658319209339142,0.004288300000022692,0.0025705844126402374
28,projection_only,Projection only,6.74429408268249,1.4978608518816967e-07,0.4448798504908509,0.4448798504908509,0.3646134107157853,0.00429394383664638,0.0025632220667071207
29,projection_only,Projection only,6.746822216960954,1.541508164165991e-07,0.44410271703151094,0.44410271703151094,0.3633933045462423,0.0042995010740266475,0.0025558067146979006
30,projection_only,Projection only,6.749292656533413,1.5860544917425024e-07,0.44331969622924655,0.44331969622924655,0.36217171472081,0.004305201446645558,0.0025483362560279337
31,projection_only,Projection only,6.751706560723823,1.6315252184807097e-07,0.4425308059189624,0.4425308059189624,0.3609487521747164,0.00431075566556509,0.002540808398817061
32,projection_only,Projection only,6.754065060789609,1.677946474932751e-07,0.44173606517329655,0.44173606517329655,0.35972452641629704,0.004315860760253903,0.0025332206495916544
33,projection_only,Projection only,6.756369252118054,1.7253451456283932e-07,0.4409354942839869,0.4409354942839869,0.3584991454631734,0.004320608279692624,0.0025255703039199803
34,projection_only,Projection only,6.758620182646563,1.7737488765726948e-07,0.4401291147421819,0.4401291147421819,0.35727271578131,0.004325073534482965,0.0025178544380925513
35,projection_only,Projection only,6.76081883438084,1.82318608297387e-07,0.4393169492177562,0.4393169492177562,0.35604534222704215,0.004328886106086469,0.0025100699019495703
36,projection_only,Projection only,6.762966089445149,1.8736859572287025e-07,0.43849902153769266,0.43849902153769266,0.3548171279921627,0.004332723393384452,0.0025022133129473188
37,projection_only,Projection only,6.765062730238136,1.925278464601344e-07,0.43767535655261997,0.43767535655261997,0.3535881758795797,0.00433622626271014,0.002494281035232217
38,projection_only,Projection only,6.767110005997913,1.9781686036982917e-07,0.43684597875171766,0.43684597875171766,0.35235859835328864,0.004339459465895981,0.002487038230660001
39,projection_only,Projection only,6.7691099238122305,2.0324424339984672e-07,0.43601090923285335,0.43601090923285335,0.3511285234278764,0.004342108094357965,0.0024800011542761642
40,projection_only,Projection only,6.771066121440861,2.087913263532171e-07,0.43517016166979977,0.43517016166979977,0.34989810804834964,0.004344238481417971,0.002472896144105627
41,projection_only,Projection only,6.772984137559343,2.1445931557649674e-07,0.4343237427722665,0.4343237427722665,0.348667540351815,0.004345985039072126,0.0024657203801060836
42,projection_only,Projection only,6.7748687197571735,2.202511579901319e-07,0.4334716668599011,0.4334716668599011,0.3474370010288822,0.00434717447358605,0.002458470993604503
43,projection_only,Projection only,6.776724682085213,2.2617008356852645e-07,0.4326139596404468,0.4326139596404468,0.34620667005359895,0.0043479779015745314,0.0024511450262313336
44,projection_only,Projection only,6.778554570904243,2.3221951862249062e-07,0.4317506665974824,0.4317506665974824,0.34497667985509445,0.0043486715654811395,0.0024437402893695173
45,projection_only,Projection only,6.7803633257344265,2.3840289013350705e-07,0.43088183880827996,0.43088183880827996,0.3437472132498837,0.004349411976517756,0.0024372415515824678
46,projection_only,Projection only,6.782152177786871,2.4472386415099127e-07,0.43000754848826156,0.43000754848826156,0.3425183639709224,0.00434983615271777,0.002430753175238666
47,projection_only,Projection only,6.783921375593874,2.5118620433212417e-07,0.4291278640459236,0.4291278640459236,0.3412902161384801,0.0043497437044785515,0.0024241608830700436
48,projection_only,Projection only,6.785672349910561,2.577937477588552e-07,0.4282428634021125,0.4282428634021125,0.34006287081377773,0.00434948928128051,0.0024174626391090972
49,projection_only,Projection only,6.787406001284962,2.6455044983633986e-07,0.42735262308141686,0.42735262308141686,0.33883641140235976,0.004348704916973923,0.002410656487359929
50,projection_only,Projection only,6.7891227148512225,2.714603855158751e-07,0.42645721772979517,0.42645721772979517,0.33761090691388673,0.004347581747380692,0.0024037405167729887
51,projection_only,Projection only,6.790822613068611,2.785277433077764e-07,0.4255567188777274,0.4255567188777274,0.33638641705725697,0.004346124002465454,0.002396712767363191
52,projection_only,Projection only,6.792505813496797,2.8575681540246535e-07,0.424651196352788,0.424651196352788,0.335162999552609,0.004344802695853537,0.0023895711173195513
53,projection_only,Projection only,6.794175344415245,2.931518995534306e-07,0.4237407418033343,0.4237407418033343,0.33394076909025294,0.004343279979456651,0.002382312470895298
54,projection_only,Projection only,6.7958342131988285,3.007173125302709e-07,0.42282546923120135,0.42282546923120135,0.3327198843562757,0.004341458613325892,0.0023749329648902234
55,projection_only,Projection only,6.7974773491498235,3.084578155757198e-07,0.42190539970659846,0.42190539970659846,0.331500294420669,0.0043401971025273335,0.0023674313123156158
56,projection_only,Projection only,6.799104695664656,3.1637809147016855e-07,0.4209806316852437,0.4209806316852437,0.330282089500667,0.004339022679074668,0.0023598045150724748
57,projection_only,Projection only,6.800717598940258,3.2450602709291435e-07,0.42005125413450906,0.42005125413450906,0.3290653833284647,0.004337863214968958,0.0023520488331448034
58,projection_only,Projection only,6.802319021389208,3.328415103875839e-07,0.41911735491506424,0.41911735491506424,0.3278503634394718,0.004336360896732101,0.0023441594209743467
59,projection_only,Projection only,6.803907108805271,3.413698281054758e-07,0.418179119260369,0.418179119260369,0.32663734911396314,0.004334557082328688,0.0023364066533788654
60,projection_only,Projection only,6.805520439949729,3.5009482880981064e-07,0.4172371376177726,0.4172371376177726,0.32542806962943704,0.004329340591730027,0.002330292066971414
61,projection_only,Projection only,6.807268546164895,3.5901516168535534e-07,0.4162931695152562,0.4162931695152562,0.32422654097346665,0.004316455486959738,0.0023243449519814814
62,projection_only,Projection only,6.809084120978882,3.681412756090159e-07,0.4153455109568386,0.4153455109568386,0.3230284493741414,0.004311928270379883,0.0023182644195425695
63,projection_only,Projection only,6.810867611516576,3.7748327263569037e-07,0.41439274146450283,0.41439274146450283,0.32183054159314134,0.004313633895042903,0.002312079205875049
64,projection_only,Projection only,6.812623167951063,3.870466548119317e-07,0.4134348852875927,0.4134348852875927,0.3206329228440685,0.0043147502622048976,0.0023057863491275045
65,projection_only,Projection only,6.814348258409647,3.968372789655194e-07,0.4124720395824232,0.4124720395824232,0.3194356777514441,0.004315814782243525,0.0022993841806117146
66,projection_only,Projection only,6.8160507848399305,4.06860735694269e-07,0.4115042174100253,0.4115042174100253,0.3182389523589487,0.004316297724898455,0.0022928686298739134
67,projection_only,Projection only,6.817726078135722,4.171232634211103e-07,0.4105315352694341,0.4105315352694341,0.31704279222777293,0.004316737274166813,0.0022862385323466346
68,projection_only,Projection only,6.819380569676962,4.2763071691909293e-07,0.4095540157162525,0.4095540157162525,0.3158473370556215,0.00431652495095829,0.0022794897185563147
69,projection_only,Projection only,6.821010317876982,4.383896354767443e-07,0.408571760848392,0.408571760848392,0.31465260308529563,0.004316599079730199,0.002272620928212161
70,projection_only,Projection only,6.822616025097162,4.494064173084846e-07,0.4075848224584685,0.4075848224584685,0.3134586613754349,0.00431702299889947,0.0022656292348491214
71,projection_only,Projection only,6.824202100042585,4.6068755000348473e-07,0.40659326325295614,0.40659326325295614,0.3122656042947368,0.004317685889362365,0.0022585113694454937
72,projection_only,Projection only,6.825768192224919,4.722396308136806e-07,0.4055971971112347,0.4055971971112347,0.3110735595218943,0.004318389931945504,0.0022512638416478
73,projection_only,Projection only,6.827313690063978,4.840696777647881e-07,0.40459662686018416,0.40459662686018416,0.30988250391249406,0.0043190449305258016,0.0022438843927049708
74,projection_only,Projection only,6.828838356985592,4.961954572386046e-07,0.403591656086422,0.403591656086422,0.30869247683679424,0.004319605636119798,0.002236370597838675
75,projection_only,Projection only,6.830346467058604,5.086458422027634e-07,0.40258238520282785,0.40258238520282785,0.3075036901875574,0.004319356394769684,0.00223111631952102
76,projection_only,Projection only,6.831830299981446,5.213972712100424e-07,0.4015687892750587,0.4015687892750587,0.30631594627935793,0.004319699351576633,0.002225749462054603
77,projection_only,Projection only,6.833304407893197,5.344532426448673e-07,0.40055106491204767,0.40055106491204767,0.30512962104530744,0.004318842717551112,0.0022202591089137335
78,projection_only,Projection only,6.834756556609593,5.478228989607051e-07,0.3995291642890806,0.3995291642890806,0.30394453687718304,0.004318586892102139,0.0022146470649864096
79,projection_only,Projection only,6.836196312225665,5.615140580406458e-07,0.3985032014064694,0.3985032014064694,0.3027608453199334,0.004317916917127354,0.0022089104157260397
80,projection_only,Projection only,6.837618282409615,5.755337007088453e-07,0.39747325995124166,0.39747325995124166,0.301578611606094,0.004316807481615637,0.0022030478083680358
81,projection_only,Projection only,6.839027328038384,5.89889933452039e-07,0.39643931689959067,0.39643931689959067,0.3003978136625324,0.0043159124419942,0.0021970580791506418
82,projection_only,Projection only,6.840425555324192,6.045904971221789e-07,0.39540160315730344,0.39540160315730344,0.29921870343198437,0.004314533878620986,0.0021909374606746087
83,projection_only,Projection only,6.841807277763357,6.196446120408385e-07,0.39435996612552315,0.39435996612552315,0.29804106724700696,0.004313638196397414,0.002184686784592874
84,projection_only,Projection only,6.843184911690475,6.350599788773064e-07,0.3933147323851255,0.3933147323851255,0.2968652971209147,0.00431173922004807,0.0021783006589477273
85,projection_only,Projection only,6.844547496142331,6.508461716650767e-07,0.39226575958842325,0.39226575958842325,0.29569116519695426,0.004310759472894149,0.0021722136609922203
86,projection_only,Projection only,6.845897359299464,6.670123282515636e-07,0.391213173059975,0.391213173059975,0.2945187469939696,0.0043104177379996245,0.0021665556548943555
87,projection_only,Projection only,6.8472450059271495,6.835665890866904e-07,0.3901571821075352,0.3901571821075352,0.29334837360173927,0.004309238137562324,0.0021607352135505392
88,projection_only,Projection only,6.848582827355207,7.005190177427972e-07,0.38909774526809926,0.38909774526809926,0.2921799385753593,0.00430835192768524,0.00215475203037069
89,projection_only,Projection only,6.8499071006327235,7.178794094352776e-07,0.3880350188888265,0.3880350188888265,0.2910135203114828,0.004307493801090519,0.002149963681994922
90,projection_only,Projection only,6.851241755737224,7.356554236007367e-07,0.38696926001764775,0.38696926001764775,0.2898498409999817,0.00430462521086699,0.0021450943344502615
91,projection_only,Projection only,6.852591488143488,7.538821161582146e-07,0.3859009197161627,0.3859009197161627,0.28868952556360583,0.004300998650318308,0.00214008508907532
92,projection_only,Projection only,6.8540142643778825,7.725634568653628e-07,0.3848310217354633,0.3848310217354633,0.28753418626678284,0.004294070218927333,0.0021349223488160715
93,projection_only,Projection only,6.855451757858345,7.91690756615094e-07,0.38375805094661475,0.38375805094661475,0.2863810852428018,0.004291920665014227,0.002129625878480841
94,projection_only,Projection only,6.856862924171762,8.112779945631626e-07,0.38268151391186844,0.38268151391186844,0.28522908539289504,0.004292456729709328,0.0021249790704912417
95,projection_only,Projection only,6.858259753922759,8.313348058043525e-07,0.3816015605263492,0.3816015605263492,0.28407854359049617,0.004291852356449705,0.002120487036714333
96,projection_only,Projection only,6.859635068784355,8.518744651213944e-07,0.38051814007661744,0.38051814007661744,0.2829292229593376,0.004292055933892142,0.0021158485270521667
97,projection_only,Projection only,6.860993625776741,8.729086915964681e-07,0.3794314042066874,0.3794314042066874,0.28178130682562447,0.004291709334834208,0.002111059616056385
98,projection_only,Projection only,6.862326714438595,8.944489540578211e-07,0.3783413371107858,0.3783413371107858,0.2806345999471108,0.004292093749182058,0.002106121601190206
99,projection_only,Projection only,6.863642674334134,9.165057436066052e-07,0.3772480739394407,0.3772480739394407,0.2794893792337747,0.004291789992618996,0.0021010294218804875
100,projection_only,Projection only,6.86494147212745,9.390918501944534e-07,0.37615163529165063,0.37615163529165063,0.27834558555517874,0.0042922327019978635,0.002095782370757365
101,projection_only,Projection only,6.866217988686454,9.622200018198846e-07,0.37505210976690273,0.37505210976690273,0.27720325341398255,0.004292646109715463,0.002090830863663773
102,projection_only,Projection only,6.867480417782939,9.859023848009587e-07,0.3739496297845989,0.3739496297845989,0.2760625534691791,0.004292475757804212,0.002087011261993579
103,projection_only,Projection only,6.868720994472514,1.010152977319103e-06,0.37284409745514757,0.37284409745514757,0.2749233093883815,0.004292824310635825,0.002083822658669038
104,projection_only,Projection only,6.869956993025332,1.0349830680989741e-06,0.3717358523616295,0.3717358523616295,0.2737859939631442,0.004291808837321793,0.002080483418906945
105,projection_only,Projection only,6.871166286236464,1.0604091665183592e-06,0.37062468268856913,0.37062468268856913,0.27265011632261915,0.00429195742479768,0.002076998372501429
106,projection_only,Projection only,6.872364825075744,1.086442912657107e-06,0.3695109032260519,0.3695109032260519,0.2715161420545709,0.004291182146623802,0.0020733618518334516
107,projection_only,Projection only,6.8735500354832,1.113114289022051e-06,0.3683944134145961,0.3683944134145961,0.27038392210133533,0.004290492538483716,0.0020695744238483933
108,projection_only,Projection only,6.874716912357478,1.140465363520849e-06,0.36727535240820686,0.36727535240820686,0.26925348048631986,0.00428974549643732,0.002065635333522744
109,projection_only,Projection only,6.87587570895327,1.1684688836835245e-06,0.3661538196379922,0.3661538196379922,0.26812499370951537,0.004288667263913866,0.00206154176482387
110,projection_only,Projection only,6.877010842208166,1.1971377843337481e-06,0.3650298113114374,0.3650298113114374,0.2669982687169934,0.004288106539648532,0.0020572951460906272
111,projection_only,Projection only,6.878147249009371,1.226484693076776e-06,0.36390350304598984,0.36390350304598984,0.26587371013611527,0.004286468693242904,0.0020528892437819356
112,projection_only,Projection only,6.879257437942868,1.2565288986240322e-06,0.362774826608402,0.362774826608402,0.264750897611836,0.004286247511399431,0.002050231230224329
113,projection_only,Projection only,6.880365998219942,1.2872832449218693e-06,0.36164404632837654,0.36164404632837654,0.263630336182897,0.004285018739618707,0.002047970167048664
114,projection_only,Projection only,6.881455735092168,1.318768220803818e-06,0.360511048455865,0.360511048455865,0.2625116940790124,0.004284960893917041,0.002045559011548172
115,projection_only,Projection only,6.882539457417561,1.3509992451426045e-06,0.3593760089318835,0.3593760089318835,0.2613952782452669,0.0042841245919646095,0.0020429941756748902
116,projection_only,Projection only,6.88361377292912,1.3839922052301784e-06,0.3582390751762081,0.3582390751762081,0.2602811123881346,0.004283247794598365,0.002040276014492198
117,projection_only,Projection only,6.884673922066824,1.4177644873686303e-06,0.35710026112161547,0.35710026112161547,0.25916921590685305,0.0042822396345512225,0.0020374040879437365
118,projection_only,Projection only,6.8857414047150325,1.4523305301169925e-06,0.3559598595844769,0.3559598595844769,0.25806012236914155,0.0042800288253504355,0.0020343728958874866
119,projection_only,Projection only,6.88681049932986,1.4877090899684219e-06,0.3548180932942009,0.3548180932942009,0.2569539520824188,0.004277788756606881,0.00203118267097089
120,projection_only,Projection only,6.887923485217577,1.5239110417957352e-06,0.3536758050028552,0.3536758050028552,0.25585189350591253,0.004272892490381062,0.002027822507920335
0,shaping_only,Shaping only,7.216017295607653,0.2960187100519966,0.4816846304924374,0.4816846304924374,0.48198367623642363,0.0,0.001978296223300085
1,shaping_only,Shaping only,7.2060553733535375,0.2390004069987045,0.4639827351582593,0.4639827351582593,0.44733889712299585,0.0770461876295334,0.001806223023602788
2,shaping_only,Shaping only,7.240669569997425,0.19943762800884085,0.4467520430054985,0.4467520430054985,0.419921217149532,0.07457881669488955,0.001566508710764848
3,shaping_only,Shaping only,7.290314235500141,0.16726905988886764,0.42752589932974083,0.42752589932974083,0.39332500674846066,0.07867316996486555,0.00131799482699467
4,shaping_only,Shaping only,7.338416016865791,0.13914795299769275,0.4056857310091778,0.4056857310091778,0.3657007675497084,0.08423098662805847,0.0011533000342631389
5,shaping_only,Shaping only,7.373340286671071,0.11395138234776947,0.381350042811872,0.381350042811872,0.3367408309146599,0.0893414409497052,0.0012206532103598486
6,shaping_only,Shaping only,7.387056293715411,0.09149008424463095,0.35517246722855955,0.35517246722855955,0.3069668332260539,0.09275183542104978,0.001363242419606989
7,shaping_only,Shaping only,7.375908871286146,0.07194111122660286,0.32819449135405765,0.32819449135405765,0.2773829008764487,0.09367292609491387,0.0015397556285535446
8,shaping_only,Shaping only,7.341098320963676,0.055500612049777645,0.3016065108395552,0.3016065108395552,0.24913643203825164,0.09190188737371416,0.0017401196153017985
9,shaping_only,Shaping only,7.287817125977885,0.04218270907942569,0.27646919358253974,0.27646919358253974,0.22319646819379496,0.0879778772973453,0.0019421447617619758
10,shaping_only,Shaping only,7.223242125566323,0.03176413277463596,0.2535087415452274,0.2535087415452274,0.20014928011871802,0.08268114895997039,0.0021366240062626876
11,shaping_only,Shaping only,7.154372628314186,0.02384129458639447,0.23305508186244034,0.23305508186244034,0.18016161374719716,0.07685812296312666,0.002315482651078237
12,shaping_only,Shaping only,7.086601774897502,0.01793358350424816,0.21510537663206059,0.21510537663206059,0.16307310884997933,0.0712039412256914,0.0024821697546515537
13,shaping_only,Shaping only,7.023266465474386,0.013574584850636073,0.19944476745036005,0.19944476745036005,0.1485364921062022,0.06608093712496503,0.002634197037432574
14,shaping_only,Shaping only,6.965897328785662,0.010365459824066397,0.18576226325280737,0.18576226325280737,0.13614056291113535,0.06163058274730696,0.0027626607849077765
15,shaping_only,Shaping only,6.914754627907074,0.007992465830490843,0.17373202190107953,0.17373202190107953,0.1254896587700304,0.05784913817227169,0.002866486550860599
16,shaping_only,Shaping only,6.869356289155372,0.006221982516446711,0.1630576427844995,0.1630576427844995,0.11624194762425533,0.054665527639505926,0.002974628255178564
17,shaping_only,Shaping only,6.828872163068484,0.0048858769623132455,0.15348945134026387,0.15348945134026387,0.10811994160334142,0.051985259099440226,0.003057072267877288
18,shaping_only,Shaping only,6.792370648227933,0.0038653202185311123,0.14482619600830035,0.14482619600830035,0.10090635012619566,0.04970912489636824,0.0031303104473831165
19,shaping_only,Shaping only,6.758950997786486,0.0030768070316105228,0.13690958079752313,0.13690958079752313,0.09443420224011773,0.04776095007503774,0.0031985575179972327
20,shaping_only,Shaping only,6.727802208677705,0.0024614310147859407,0.12961658158463069,0.12961658158463069,0.08857609981917018,0.0460684489579526,0.003251217836777834
21,shaping_only,Shaping only,6.698220967766783,0.001977192603198172,0.12285195763342978,0.12285195763342978,0.08323472382170825,0.044580085309198665,0.0033130062258965266
22,shaping_only,Shaping only,6.669609827866877,0.0015936946624603423,0.11654187959178997,0.11654187959178997,0.07833521350229586,0.043250985243975006,0.0033536122800387285
23,shaping_only,Shaping only,6.641467659648956,0.001288560898664159,0.1106288511138142,0.1106288511138142,0.07381935086562814,0.04204941905533158,0.0034017477613052316
24,shaping_only,Shaping only,6.613378405319409,0.001045036341142547,0.10506779182087923,0.10506779182087923,0.06964124021485452,0.040945501408874055,0.0034431170923025296
25,shaping_only,Shaping only,6.5850006721762036,0.0008503757617102057,0.09982305915263931,0.09982305915263931,0.06576413867023892,0.03991180102047093,0.0034756421294081822
26,shaping_only,Shaping only,6.556058900224817,0.0006947498442669543,0.09486619181503826,0.09486619181503826,0.06215813976993284,0.038941164642445895,0.0035247138823774
27,shaping_only,Shaping only,6.5263360251668665,0.0005704904895057236,0.09017419524399027,0.09017419524399027,0.05879847795559519,0.038013535899102065,0.0035671637924231054
28,shaping_only,Shaping only,6.49566727475584,0.00047155957111305374,0.0857282317339135,0.0857282317339135,0.05566428232483553,0.03711154895559392,0.003627199054958479
29,shaping_only,Shaping only,6.463934707647618,0.0003931668633384778,0.08151261416987811,0.08151261416987811,0.05273765616304988,0.03624029260245042,0.0036880981050718166
30,shaping_only,Shaping only,6.431062181149153,0.00033148946564095887,0.07751403020429004,0.07751403020429004,0.05000299435002143,0.03538271650280475,0.0037473804973408745
31,shaping_only,Shaping only,6.397010537179471,0.00028346174800581694,0.07372094392133871,0.07372094392133871,0.04744647598694152,0.0345408732923623,0.0038309081823720667
32,shaping_only,Shaping only,6.361772898836465,0.0002466156326313562,0.07012313619661457,0.07012313619661457,0.04505568727299734,0.03370695369657128,0.003920689555110269
33,shaping_only,Shaping only,6.325370041040863,0.00021895733267388745,0.06671135469388259,0.06671135469388259,0.04281934177439545,0.03288466273325577,0.004022593251886167
34,shaping_only,Shaping only,6.287845859432944,0.00019887133306102474,0.06347705113805023,0.06347705113805023,0.04072707384217746,0.03206724536404036,0.004158145908420863
35,shaping_only,Shaping only,6.2492630005457155,0.0001850453543489003,0.06041218822342833,0.06041218822342833,0.038769287014641836,0.031262453396137486,0.0043165802015895415
36,shaping_only,Shaping only,6.209698691051966,0.00017641000053400356,0.057509101710180116,0.057509101710180116,0.03693704308381051,0.030456580838757758,0.004490981263099583
37,shaping_only,Shaping only,6.169240875428473,0.0001720919067333705,0.05476040599474049,0.05476040599474049,0.03522198174015709,0.029670169185122906,0.004983901243731511
38,shaping_only,Shaping only,6.127984713936272,0.0001713770703565139,0.052158933355889184,0.052158933355889184,0.03361626240289273,0.028894010221162957,0.005537748692463729
39,shaping_only,Shaping only,6.08602939922401,0.0001736778518902492,0.04969769833528161,0.04969769833528161,0.0321125207610156,0.028125158605476003,0.006126179954859489
40,shaping_only,Shaping only,6.043475455833404,0.00017851037138594657,0.0473698809045086,0.0473698809045086,0.030703837284825033,0.027375482987820117,0.006742585034256631
41,shaping_only,Shaping only,6.000422450983636,0.00018547583461396648,0.04516882276816332,0.04516882276816332,0.029383712823521875,0.026640555382717094,0.007385229675639107
42,shaping_only,Shaping only,5.9569671406680795,0.00019424690657106767,0.04308803234618994,0.04308803234618994,0.028146049121917687,0.02591952187626637,0.008052238740009977
43,shaping_only,Shaping only,5.913201872691801,0.00020454888432066764,0.04112119436991149,0.04112119436991149,0.0269851300459651,0.025219514880405816,0.008741625833830435
44,shaping_only,Shaping only,5.86921347262332,0.00021615214497701444,0.039262182316740016,0.039262182316740016,0.025895606346122153,0.024544107867241913,0.009451321352306407
45,shaping_only,Shaping only,5.82508246046849,0.00022886612031000576,0.03750507154113377,0.03750507154113377,0.02487248093151461,0.02388230232669161,0.010213089819431325
46,shaping_only,Shaping only,5.780882516788626,0.00024253319909703415,0.035844151433512085,0.035844151433512085,0.02391109381484444,0.023239129980422185,0.010996255429925196
47,shaping_only,Shaping only,5.736680220529067,0.00025702484516430807,0.03427393588176844,0.03427393588176844,0.023007107088701614,0.022626544211036048,0.011798717352732413
48,shaping_only,Shaping only,5.692534725818018,0.00027222431716872135,0.032789170441969925,0.032789170441969925,0.02215648623380015,0.022042651308627738,0.01261848171826396
49,shaping_only,Shaping only,5.648497958930005,0.0002880338398360135,0.03138483834494555,0.03138483834494555,0.02135548667563275,0.02146576983721183,0.013453550919806772
50,shaping_only,Shaping only,5.604614812514995,0.00030437282601507634,0.030056163695989183,0.030056163695989183,0.02060063801090246,0.020922048794575158,0.01430193768453541
51,shaping_only,Shaping only,5.560923442988802,0.0003211786088117422,0.028798612218772862,0.028798612218772862,0.019888728616764682,0.020396322843648805,0.015161677116072051
52,shaping_only,Shaping only,5.517455617913389,0.0003384027164932487,0.027607889540922685,0.027607889540922685,0.019216789307965228,0.01989719151978593,0.01605152677333393
53,shaping_only,Shaping only,5.474236682439805,0.0003559857855190037,0.026479935954727914,0.026479935954727914,0.018582072376435856,0.019424431719460164,0.01698350565087054
54,shaping_only,Shaping only,5.431286256802598,0.00037387943833912805,0.025410922255505303,0.025410922255505303,0.017982041431548516,0.018974433481959947,0.01792726234286941
55,shaping_only,Shaping only,5.388618653421855,0.0003920462463152673,0.024397243377887068,0.024397243377887068,0.017414356884703053,0.01853953927329267,0.01888111040860782
56,shaping_only,Shaping only,5.346243209343556,0.0004104557217445824,0.023435510458376416,0.023435510458376416,0.01687686107639336,0.018130335118587113,0.01984340049006867
57,shaping_only,Shaping only,5.304164626344328,0.000429082383345693,0.022522542160054764,0.022522542160054764,0.016367564494634418,0.017746610940153982,0.020812524325769254
58,shaping_only,Shaping only,5.262383289910057,0.0004479044954072695,0.021655355438425103,0.021655355438425103,0.015884632819238773,0.017388215113221875,0.021786917926201934
59,shaping_only,Shaping only,5.220895560530344,0.0004669032976680284,0.020831155970239098,0.020831155970239098,0.015426374789701524,0.017054830577237483,0.022765064027656247
60,shaping_only,Shaping only,5.179694031542413,0.00048606254532225154,0.020047328423237216,0.020047328423237216,0.0149912308776647,0.01675512559722532,0.02374549393157005
61,shaping_only,Shaping only,5.138767746740785,0.0005053681624532004,0.019301426696367106,0.019301426696367106,0.0145777627190853,0.01647316178077931,0.024788186355776405
62,shaping_only,Shaping only,5.098102374249526,0.0005248079708684305,0.018591164251716794,0.018591164251716794,0.014184643287734767,0.016215518277120075,0.02585049605535115
63,shaping_only,Shaping only,5.057680332685869,0.0005443714640817966,0.01791440463424627,0.01791440463424627,0.013810647783581894,0.016002442927336658,0.026917622889197104
64,shaping_only,Shaping only,5.0174809159252645,0.00056405256167675,0.017269152448830944,0.017269152448830944,0.01345464584235223,0.015818681811746293,0.02798834128223909
65,shaping_only,Shaping only,4.977480220249427,0.000583842468114242,0.01665354404495422,0.01665354404495422,0.013115592295553204,0.015680336019869106,0.029061462405461643
66,shaping_only,Shaping only,4.937651127779006,0.0006037323036533511,0.01606583910918805,0.01606583910918805,0.012792520561004104,0.01562848505125935,0.030135834438399733
67,shaping_only,Shaping only,4.897963257814134,0.0006237157640189538,0.015504412717043533,0.015504412717043533,0.012484536667207991,0.015648228477648643,0.03121034266370412
68,shaping_only,Shaping only,4.85838278705407,0.0006437882616507278,0.014967747589775628,0.014967747589775628,0.012190813083879877,0.01566707176228003,0.03228390953821156
69,shaping_only,Shaping only,4.818872190741463,0.0006639464140357945,0.014454426772969464,0.014454426772969464,0.01191058312115965,0.015687504817665024,0.0333554946684825
70,shaping_only,Shaping only,4.77938988617188,0.0006841876622479424,0.013963126729335284,0.013963126729335284,0.011643135817792359,0.015726126857820166,0.03443250696017674
71,shaping_only,Shaping only,4.739889762386805,0.0007045101367737047,0.013492610864032974,0.013492610864032974,0.011387811311301756,0.015767313793578215,0.03560166360111112
72,shaping_only,Shaping only,4.70032056447578,0.0007249125752236148,0.013041723457952337,0.013041723457952337,0.011143996616431364,0.015809738580690118,0.036772967397111944
73,shaping_only,Shaping only,4.660625092777431,0.0007453942778688829,0.012609383996007334,0.012609383996007334,0.010911121777519567,0.01585415121554923,0.037945547381200456
74,shaping_only,Shaping only,4.620739159040384,0.0007659550724723753,0.012194581871961378,0.012194581871961378,0.010688656358356885,0.015908867074105902,0.03911855835959213
75,shaping_only,Shaping only,4.580590214768585,0.0007865952874366963,0.011796371452667943,0.011796371452667943,0.010476106240982623,0.01597443237267975,0.04029118101508776
76,shaping_only,Shaping only,4.540095527256379,0.0008073157285632244,0.011413867502487187,0.011413867502487187,0.010273010766641846,0.01604414476755043,0.0414626220023864
77,shaping_only,Shaping only,4.499159695988993,0.0008281176592840638,0.011046240917454308,0.011046240917454308,0.01007894009115175,0.016119276857907067,0.04263211405938695
78,shaping_only,Shaping only,4.457671121795476,0.000849002785062415,0.01069271462624331,0.01069271462624331,0.009893492348415758,0.01619855187663261,0.04379891622191433
79,shaping_only,Shaping only,4.415496942388819,0.0008699732347695094,0.010352560042264963,0.010352560042264963,0.009716291894647455,0.01629084183440851,0.04496231387796946
80,shaping_only,Shaping only,4.372475076233368,0.0008910315517484796,0.010025093619045952,0.010025093619045952,0.009546987191087508,0.01639626576176744,0.04612161895127194
81,shaping_only,Shaping only,4.328401781359786,0.0009121805625964513,0.009709677066442794,0.009709677066442794,0.009385257723252856,0.016507085617630785,0.0472856758207521
82,shaping_only,Shaping only,4.283027030791238,0.0009334228162922872,0.009405756830560367,0.009405756830560367,0.00923091913303926,0.016622371166625186,0.04857193291492171
83,shaping_only,Shaping only,4.236071437201468,0.0009547521227498175,0.009112942062648809,0.009112942062648809,0.009084102040508656,0.016735730283822196,0.04985892446132177
84,shaping_only,Shaping only,4.1873105752200726,0.0009761211910665927,0.008831096551490898,0.008831096551490898,0.008945370992607353,0.01682196661867064,0.05114350763194691
85,shaping_only,Shaping only,4.136746729478802,0.0009973936874438799,0.008560261126926826,0.008560261126926826,0.008815213237444632,0.01683090579481709,0.052417689930606456
86,shaping_only,Shaping only,4.085149715055872,0.0010182254945674766,0.008300269257856763,0.008300269257856763,0.00869232973851552,0.016597369838100978,0.05366221774571589
87,shaping_only,Shaping only,4.033484152649014,0.0010381222086797081,0.008050067367724479,0.008050067367724479,0.008572073361195368,0.016010877064292446,0.054849189522772235
88,shaping_only,Shaping only,3.9840573957121306,0.001056389961938027,0.007808186053420074,0.007808186053420074,0.008447402971216378,0.014968524598408842,0.05593866466365453
89,shaping_only,Shaping only,3.9380752773539225,0.0010726433308574236,0.007573959214888431,0.007573959214888431,0.008315203213973237,0.013664316004405484,0.056905144461421815
90,shaping_only,Shaping only,3.8970172817714874,0.0010867348787591334,0.007348232550202568,0.007348232550202568,0.008177687553106302,0.012322338180562147,0.05774738346644627
91,shaping_only,Shaping only,3.8608196438484583,0.001099015888088697,0.007132644797640151,0.007132644797640151,0.008042140734251689,0.011252000615433431,0.058497924088956675
92,shaping_only,Shaping only,3.8284618815748956,0.0011100210978540104,0.0069280714330998625,0.0069280714330998625,0.007914685342556214,0.010540940119242394,0.05917820719428451
93,shaping_only,Shaping only,3.7988109190064754,0.00112022319618025,0.006734180578796156,0.006734180578796156,0.007797707362555948,0.01007112360341215,0.059809999154201744
94,shaping_only,Shaping only,3.7708317271728804,0.0011299547158626524,0.006549864305463939,0.006549864305463939,0.00769062353248892,0.00980069496615951,0.06058454097840727
95,shaping_only,Shaping only,3.743829447791993,0.0011394015857008675,0.006374003236142729,0.006374003236142729,0.007591911100386673,0.009621709144227834,0.06133479239288994
96,shaping_only,Shaping only,3.717286864264688,0.0011486641625922114,0.00620561828299904,0.00620561828299904,0.0074998220127112745,0.00949412998931954,0.06206451069684234
97,shaping_only,Shaping only,3.69102147803935,0.0011577667859236354,0.006044350610362118,0.006044350610362118,0.007413528064823871,0.009380466097895106,0.06277403949958169
98,shaping_only,Shaping only,3.6650212433568456,0.0011666906407250663,0.005890372199653533,0.005890372199653533,0.007332693834138914,0.009258214038545362,0.06346164361671136
99,shaping_only,Shaping only,3.639504082562819,0.0011753666250228125,0.00574448832237715,0.00574448832237715,0.007257039226969153,0.009102940762275738,0.06412294226574297
100,shaping_only,Shaping only,3.614931882325343,0.001183677668540783,0.005607955781688455,0.005607955781688455,0.007185838010603689,0.008908983986878788,0.06475095334561547
101,shaping_only,Shaping only,3.591807490300218,0.001191496230985394,0.005481929796925272,0.005481929796925272,0.0071178797709308215,0.008673018931127072,0.06533810295170535
102,shaping_only,Shaping only,3.5707704313079875,0.001198702603942329,0.005367413597215257,0.005367413597215257,0.007052037235710966,0.008370424633553263,0.06587722990138667
103,shaping_only,Shaping only,3.5519830701891912,0.0012052975397903365,0.00526401223869626,0.00526401223869626,0.006988302303596667,0.008060064049258133,0.06636780613686076
104,shaping_only,Shaping only,3.535233100892006,0.0012113686790670211,0.005170428231564527,0.005170428231564527,0.006927567682289798,0.0077880305080501085,0.06681415670574743
105,shaping_only,Shaping only,3.520096494573503,0.00121704250051774,0.005084898091616611,0.005084898091616611,0.006870777677613263,0.007605588265787439,0.06722283986476642
106,shaping_only,Shaping only,3.5060857236964766,0.0012224373232384502,0.005005668080578335,0.005005668080578335,0.006818328692991572,0.007480097026569363,0.06769155691015868
107,shaping_only,Shaping only,3.4928143210736247,0.001227634233926781,0.00493139914522822,0.00493139914522822,0.006770084143159598,0.0073882615546246805,0.06824417784030436
108,shaping_only,Shaping only,3.480065926456503,0.0012326753225688873,0.004861324598289962,0.004861324598289962,0.006725769655394658,0.007312949293227646,0.06877525121060726
109,shaping_only,Shaping only,3.4676933768019773,0.0012375835691681631,0.004794961589510278,0.004794961589510278,0.006685000740732205,0.007245710093289179,0.06928565580422827
110,shaping_only,Shaping only,3.455703108585078,0.0012423591962457056,0.004732281226626475,0.004732281226626475,0.0066475662937893806,0.00717568855171537,0.06977502671425308
111,shaping_only,Shaping only,3.444123973287553,0.0012469978221856099,0.004673318065007678,0.004673318065007678,0.006613213406503809,0.0071007119466159965,0.07024275663258644
112,shaping_only,Shaping only,3.433007923542773,0.0012514935378977682,0.004618126756739373,0.004618126756739373,0.006581746030768594,0.007022315551447762,0.07068816645711712
113,shaping_only,Shaping only,3.42236978716443,0.001255849060985562,0.004566564222803524,0.004566564222803524,0.006553040340430646,0.006965671469899901,0.07111108012337432
114,shaping_only,Shaping only,3.4121409925212656,0.0012600791412867008,0.004518224477538815,0.004518224477538815,0.006527065247905518,0.006912749250612784,0.07151202436740084
115,shaping_only,Shaping only,3.402237271504165,0.0012642004827002958,0.004472671330670338,0.004472671330670338,0.006503808487193435,0.006864673234149791,0.0718916625042804
116,shaping_only,Shaping only,3.392576457393874,0.0012682274038775232,0.004429526090196538,0.004429526090196538,0.006483221679579576,0.006820583979320285,0.072250547481381
117,shaping_only,Shaping only,3.383103558547909,0.001272169030336905,0.004388537475141035,0.004388537475141035,0.0064652270492593705,0.006778395742488192,0.07258895769313749
118,shaping_only,Shaping only,3.3737922701720087,0.0012760301679081807,0.0043495668795322205,0.0043495668795322205,0.0064497464708719015,0.006736248550887567,0.07290694357325554
119,shaping_only,Shaping only,3.3646344450633485,0.0012798131917873166,0.004312544835884503,0.004312544835884503,0.006436715051741114,0.006693099562418388,0.0732044333826608
120,shaping_only,Shaping only,3.355627354418825,0.0012835197855871681,0.004277420097231433,0.004277420097231433,0.006426069353095519,0.006648669569725584,0.07363325455544077
0,full_operator,Full LLM operator,7.216017295607653,0.2960187100519966,0.4816846304924374,0.4816846304924374,0.48198367623642363,0.0,0.001978296223300085
1,full_operator,Full LLM operator,6.923885186169254,0.04498974288003725,0.45309380300203234,0.45309380300203234,0.39571377730873714,0.25102945507063923,0.0022667049102928476
2,full_operator,Full LLM operator,6.903689040246405,0.005477738346986631,0.4346565005824157,0.4346565005824157,0.3688225943266775,0.08507440410833615,0.0019493390630485313
3,full_operator,Full LLM operator,6.983274097471256,0.0005601363141905273,0.41531530896751967,0.41531530896751967,0.3485143392599817,0.07811317989227429,0.0015871341435745219
4,full_operator,Full LLM operator,7.070727950528573,6.21184817734158e-05,0.39356347902361843,0.39356347902361843,0.3269107640084368,0.08261004939985825,0.0013458274446215153
5,full_operator,Full LLM operator,7.1399850582862125,7.2949563852006605e-06,0.36961879872461634,0.36961879872461634,0.30349727827110123,0.08721298155025305,0.0013851507431290732
6,full_operator,Full LLM operator,7.183345239618901,8.776317760643799e-07,0.3442461769777656,0.3442461769777656,0.2789928938753211,0.08992907088035884,0.0015093227193746514
7,full_operator,Full LLM operator,7.198861462314108,1.4271125679149616e-07,0.3184689000270428,0.3184689000270428,0.25441110701308384,0.09025823094542831,0.0016688769852325066
8,full_operator,Full LLM operator,7.1888339845548535,6.625400795579459e-08,0.2933434715322126,0.2933434715322126,0.23076809763098644,0.0882503141867863,0.0018527255432223932
9,full_operator,Full LLM operator,7.1587184164967415,6.641381839594178e-08,0.26974353815601937,0.26974353815601937,0.20886989712763762,0.08441755058845327,0.0020381766471661567
10,full_operator,Full LLM operator,7.115371419975814,7.80108039375589e-08,0.24822605494402158,0.24822605494402158,0.18919502364316695,0.07948782363069506,0.0022169983870928434
11,full_operator,Full LLM operator,7.065310623937227,9.535397068178241e-08,0.22901332620314654,0.22901332620314654,0.17189291921277167,0.07423853948903941,0.00238184217376492
12,full_operator,Full LLM operator,7.013614864104811,1.198713905076958e-07,0.21206276393987106,0.21206276393987106,0.15686386971162347,0.06914171827002152,0.002536721460585928
13,full_operator,Full LLM operator,6.963595854009043,1.5420360439524642e-07,0.19716943670090264,0.19716943670090264,0.14386451046259752,0.06451066671576261,0.002679055322267761
14,full_operator,Full LLM operator,6.917005761082159,2.0154834275097348e-07,0.18405792785593383,0.18405792785593383,0.1325976549324454,0.06045817745994995,0.002799577341807116
15,full_operator,Full LLM operator,6.874465253333805,2.655942260124577e-07,0.17244502101650994,0.17244502101650994,0.12277080725885671,0.05697589932772773,0.002896948954862146
16,full_operator,Full LLM operator,6.835890940314706,3.505158851385082e-07,0.1620735460205877,0.1620735460205877,0.11412570018693463,0.054017459337168665,0.003000098423431253
17,full_operator,Full LLM operator,6.800824560907789,4.609645265243773e-07,0.1527255887016995,0.1527255887016995,0.10644800268993684,0.051495950154905,0.003078416443415668
18,full_operator,Full LLM operator,6.768649314461891,6.020413464691308e-07,0.14422377286210133,0.14422377286210133,0.09956611665195751,0.04933536111151913,0.003148319802692595
19,full_operator,Full LLM operator,6.738715455362883,7.792496998877727e-07,0.1364269638647735,0.1364269638647735,0.09334527865195856,0.04747157317381202,0.003213858051881341
20,full_operator,Full LLM operator,6.710404871282045,9.984250996375352e-07,0.12922415580451585,0.12922415580451585,0.08768049915232412,0.04584169994766013,0.0032642474245329345
21,full_operator,Full LLM operator,6.683159415038937,1.2656442812869182e-06,0.12252841784871514,0.12252841784871514,0.08249000288631111,0.04440025711090366,0.0033242004809917085
22,full_operator,Full LLM operator,6.656489905879732,1.587116280673298e-06,0.11627165097827331,0.11627165097827331,0.07770976193681745,0.043106212867151175,0.003363217020359838
23,full_operator,Full LLM operator,6.629975967909995,1.9690598496681284e-06,0.11040033034180416,0.11040033034180416,0.073289187738925,0.04192912385560838,0.0034100429645881054
24,full_operator,Full LLM operator,6.603262198756192,2.417572576659687e-06,0.10487215817260141,0.10487215817260141,0.06918783656972657,0.040847112323449904,0.0034502933403270227
25,full_operator,Full LLM operator,6.576053310896883,2.9384977343910683e-06,0.09965347090117752,0.09965347090117752,0.06537292787884484,0.03982932742069342,0.0034818544056188947
26,full_operator,Full LLM operator,6.548109316077411,3.5372950988472597e-06,0.09471723933251093,0.09471723933251093,0.06181748658041872,0.03887195045756297,0.003530132582212383
27,full_operator,Full LLM operator,6.519241042700564,4.218921746801603e-06,0.09004152437403452,0.09004152437403452,0.05849895413815452,0.03795515869763707,0.0035718933492457183
28,full_operator,Full LLM operator,6.489305943506049,4.9877281680292195e-06,0.08560828039779844,0.08560828039779844,0.05539814897099377,0.037061386870738816,0.0036313571703850624
29,full_operator,Full LLM operator,6.458204051435962,5.847373988737711e-06,0.08140242495133483,0.08140242495133483,0.052498487096480285,0.03619633561115225,0.00369176275990875
30,full_operator,Full LLM operator,6.4258739511937595,6.800766301072619e-06,0.07741111461392783,0.07741111461392783,0.04978539746104059,0.035344275302932146,0.0037506161705530366
31,full_operator,Full LLM operator,6.3922886850693015,7.850022158256036e-06,0.07362318241697854,0.07362318241697854,0.04724588376974325,0.03450750182598822,0.003833790348570194
32,full_operator,Full LLM operator,6.3574515691596085,8.996455359732526e-06,0.07002870340358701,0.07002870340358701,0.044868197140119616,0.033677154903043474,0.003923267424269266
33,full_operator,Full LLM operator,6.3213919416009565,1.0240586337253595e-05,0.06661866272704012,0.06661866272704012,0.04264159285420314,0.03285792580029126,0.0040249129118609785
34,full_operator,Full LLM operator,6.284160871047171,1.1582172856805132e-05,0.06338470616409461,0.06338470616409461,0.04055615091359342,0.03204314796943326,0.004160257214973335
35,full_operator,Full LLM operator,6.24582848984028,1.3020256426964919e-05,0.06031896004724521,0.06031896004724521,0.038602672047352696,0.0312406674865586,0.004318513240548262
36,full_operator,Full LLM operator,6.206480601332023,1.4553234615195697e-05,0.057413905472644175,0.057413905472644175,0.03677257385282262,0.030436402529680624,0.004492831052622987
37,full_operator,Full LLM operator,6.166208490984286,1.6178922154221507e-05,0.05466227444937891,0.05466227444937891,0.03505773213856674,0.02965151767019454,0.0049989059825280785
38,full_operator,Full LLM operator,6.1251097402208305,1.7894620334945858e-05,0.052056991503002685,0.052056991503002685,0.03345049831217308,0.02887664369298156,0.005553295812807266
39,full_operator,Full LLM operator,6.083285512248928,1.969722720049273e-05,0.04959114585311277,0.04959114585311277,0.031943672533528845,0.02810897593645886,0.006142330338175438
40,full_operator,Full LLM operator,6.04083828069877,2.158330563393534e-05,0.04725798203538458,0.04725798203538458,0.03053048368109253,0.027360508477989234,0.006759315257392342
41,full_operator,Full LLM operator,5.997869684531375,2.3549162414588832e-05,0.045050901233199346,0.045050901233199346,0.029204570420838558,0.026626737673738583,0.007402518026426056
42,full_operator,Full LLM operator,5.9544785527383395,2.559092311615529e-05,0.042963467697140226,0.042963467697140226,0.027959961555741333,0.025906655905762573,0.008070065554721778
43,full_operator,Full LLM operator,5.910759306511396,2.7704601039321165e-05,0.040989418619799455,0.040989418619799455,0.026791057891876715,0.02520763971537831,0.008759973741875286
44,full_operator,Full LLM operator,5.866800713837962,2.9886159066856304e-05,0.03912267624104705,0.03912267624104705,0.025692616038254533,0.024533071632504573,0.009470175490894015
45,full_operator,Full LLM operator,5.822685041050305,3.213156386349052e-05,0.037357360718362174,0.037357360718362174,0.024659733603064244,0.023872015332884397,0.010232385908063716
46,full_operator,Full LLM operator,5.7784874894899625,3.4436832333927665e-05,0.03568780221099298,0.03568780221099298,0.023687834668212317,0.02322955433088188,0.011016099855615668
47,full_operator,Full LLM operator,5.734275901824664,3.6798070468727935e-05,0.034108551482798975,0.034108551482798975,0.022772655460315292,0.02261771515503629,0.011819107808621065
48,full_operator,Full LLM operator,5.690110666709238,3.921150501184298e-05,0.0326143882284503,0.0326143882284503,0.021910229679076253,0.022034398322993903,0.012639418733461536
49,full_operator,Full LLM operator,5.646044783767899,4.1673508490995145e-05,0.031200326905824763,0.031200326905824763,0.021096873536234476,0.021458122381086412,0.013475037820126096
50,full_operator,Full LLM operator,5.602124041092628,4.418061826569452e-05,0.02986161997304405,0.02986161997304405,0.020329170508235656,0.020914912269004854,0.014323980524888869
51,full_operator,Full LLM operator,5.558387382107324,4.6729549692521006e-05,0.028593759191713006,0.028593759191713006,0.019603958252714125,0.02038958581519415,0.015184284437191727
52,full_operator,Full LLM operator,5.514868365709741,4.931720388030297e-05,0.027392477559249326,0.027392477559249326,0.01891832537508903,0.019891032308708777,0.016074600155958088
53,full_operator,Full LLM operator,5.471592270608022,5.194068707290021e-05,0.026253734752797072,0.026253734752797072,0.01826955170501469,0.019418539145049953,0.01700724158323991
54,full_operator,Full LLM operator,5.428578952247829,5.459728195360632e-05,0.02517371988555206,0.02517371988555206,0.017655130782981823,0.018969122867844114,0.01795168110696872
55,full_operator,Full LLM operator,5.385842958606897,5.728447582030833e-05,0.02414884456809284,0.02414884456809284,0.01707275101431238,0.018534561566500712,0.018906234635390474
56,full_operator,Full LLM operator,5.343393861960326,5.999994707957778e-05,0.023175735172557912,0.023175735172557912,0.016520280807049703,0.01812587633916397,0.019869254851275546
57,full_operator,Full LLM operator,5.301236685309927,6.274156046221764e-05,0.02225122489791551,0.02225122489791551,0.01599575573956472,0.017742349672291293,0.02083913512914715
58,full_operator,Full LLM operator,5.259372115442623,6.550736164834298e-05,0.021372344066322893,0.021372344066322893,0.015497364399145683,0.017384385997635726,0.021814312833895143
59,full_operator,Full LLM operator,5.217796808111322,6.829557056377153e-05,0.020536310697281086,0.020536310697281086,0.015023436463738892,0.017051537653999686,0.02279327177288587
60,full_operator,Full LLM operator,5.176503620277247,7.110457415828281e-05,0.019740520668832872,0.019740520668832872,0.014572431205247403,0.016752145285857046,0.02377454407656469
61,full_operator,Full LLM operator,5.135481824930528,7.39329187163869e-05,0.018982537995862653,0.018982537995862653,0.01414292703781512,0.016470732952137225,0.024818062908925836
62,full_operator,Full LLM operator,5.094717284319817,7.677930197481091e-05,0.018260085215270675,0.018260085215270675,0.013733611832698066,0.01621353714405626,0.02588137799962876
63,full_operator,Full LLM operator,5.05419257732682,7.964256521287894e-05,0.0175710339693851,0.0175710339693851,0.013343273959193798,0.0160010864406933,0.026949548321534768
64,full_operator,Full LLM operator,5.0138870764532495,8.252168544773357e-05,0.016913395858157446,0.016913395858157446,0.012970794010881432,0.015817992602929393,0.028021348745240968
65,full_operator,Full LLM operator,4.973776965276038,8.541576783679097e-05,0.016285313613589904,0.016285313613589904,0.012615137177177828,0.01568043669302682,0.029095590612313597
66,full_operator,Full LLM operator,4.933835520618007,8.8324036412483e-05,0.015685053784846005,0.015685053784846005,0.012275350128654302,0.015630765270471053,0.030171121397269973
67,full_operator,Full LLM operator,4.8940323694098185,9.124583493012653e-05,0.015110996046637808,0.015110996046637808,0.01195054524708105,0.0156509732467778,0.03124682642080712
68,full_operator,Full LLM operator,4.854333506768355,9.418060861845706e-05,0.014561626626810913,0.014561626626810913,0.011639899178735867,0.015670300305509005,0.03232162825914459
69,full_operator,Full LLM operator,4.814701300972318,9.712790504316786e-05,0.01403553175377339,0.01403553175377339,0.011342649809686559,0.01569098532588019,0.0333944862972828
70,full_operator,Full LLM operator,4.775094061466167,0.00010008736812957227,0.013531390632091132,0.013531390632091132,0.011058090383747898,0.015730163903083898,0.03447277809341289
71,full_operator,Full LLM operator,4.735465575693924,0.0001030587315106432,0.013047969077496658,0.013047969077496658,0.010785564921509224,0.015771878262404795,0.035643417085981996
72,full_operator,Full LLM operator,4.695764460069837,0.00010604181380246862,0.012584113351691796,0.012584113351691796,0.010524463696942123,0.015814842171443678,0.03681624927744789
73,full_operator,Full LLM operator,4.655933344651669,0.0001090365141803365,0.01213874448160162,0.01213874448160162,0.010274219346699417,0.015859805343613587,0.037990403241844745
74,full_operator,Full LLM operator,4.615907816619124,0.0001120428083456962,0.011710852972772507,0.011710852972772507,0.010034303368742507,0.015915048963669073,0.03916503323300826
75,full_operator,Full LLM operator,4.575615034592185,0.00011506074488678111,0.01129949389208915,0.01129949389208915,0.009804222952980262,0.01598118508006289,0.0403393192994631
76,full_operator,Full LLM operator,4.534971880133243,0.00011809044203385882,0.010903782289194135,0.010903782289194135,0.009583518092506058,0.01605124690509518,0.041512467402654345
77,full_operator,Full LLM operator,4.493882439627824,0.00012113208479243743,0.010522888943933259,0.010522888943933259,0.009371758958357955,0.016126975540970846,0.042683709541864394
78,full_operator,Full LLM operator,4.452234467422469,0.00012418592244732164,0.010156036415289444,0.010156036415289444,0.00916854350532639,0.016206858649207973,0.04385230389164208
79,full_operator,Full LLM operator,4.409894269127254,0.00012725226586952768,0.0098024956047073,0.0098024956047073,0.008973496020006595,0.016299651885644598,0.04501753475834306
80,full_operator,Full LLM operator,4.366698544763843,0.00013033148727584974,0.009461581984926283,0.009461581984926283,0.008786263952441845,0.016405707937130923,0.04617871305022355
81,full_operator,Full LLM operator,4.322441682600154,0.0001334239986442194,0.00913265609582181,0.00913265609582181,0.008606525261173427,0.016517155092604898,0.04734484017281553
82,full_operator,Full LLM operator,4.276871859569542,0.00013653018053510143,0.008815166494219923,0.008815166494219923,0.008434101335582488,0.016632979378047492,0.04863323391202419
83,full_operator,Full LLM operator,4.2297098996010485,0.0001396489397045474,0.008508734762266936,0.008508734762266936,0.00826914546279479,0.01674656210974185,0.049922368333562964
84,full_operator,Full LLM operator,4.180741079730486,0.0001427729110540056,0.008213266518005892,0.008213266518005892,0.00811228145057846,0.016830874869186732,0.05120895748149723
85,full_operator,Full LLM operator,4.129983325669673,0.0001458813989475507,0.00792888708864903,0.00792888708864903,0.007964074047632162,0.016833592540281845,0.0524846834460888
86,full_operator,Full LLM operator,4.07819995591578,0.00014892402713570705,0.007655614563051704,0.007655614563051704,0.007823426265128058,0.01659354256516524,0.05373022691613132
87,full_operator,Full LLM operator,4.026487563594555,0.00015182486790169488,0.0073926992135261715,0.0073926992135261715,0.007685929194828329,0.015982248311542848,0.054916287897999135
88,full_operator,Full LLM operator,3.976975063774881,0.0001544875196081714,0.007139097340741485,0.007139097340741485,0.007545331981967188,0.01494110760089211,0.056004635494397874
89,full_operator,Full LLM operator,3.9309292591261986,0.00015685472525663803,0.00689443118655858,0.00689443118655858,0.00739890019573678,0.013631387499074143,0.05696924823465125
90,full_operator,Full LLM operator,3.890078482928397,0.00015890268022166336,0.006659717359800894,0.006659717359800894,0.007249080220472796,0.01227364924817411,0.057809335654725645
91,full_operator,Full LLM operator,3.853903858022433,0.00016069236283660181,0.006436303856516737,0.006436303856516737,0.007103122317756598,0.01123393435291922,0.05855953957116392
92,full_operator,Full LLM operator,3.8215514639809327,0.00016229847600267435,0.006224726426448041,0.006224726426448041,0.006966480491344264,0.010530928651581638,0.05924004715813249
93,full_operator,Full LLM operator,3.79187570107101,0.0001637894506308426,0.006024320384509389,0.006024320384509389,0.006841024553087706,0.010067433129581563,0.059873079634242085
94,full_operator,Full LLM operator,3.7638428638121937,0.00016521312771498165,0.005833752368123644,0.005833752368123644,0.006725812272549414,0.009801681098906877,0.060648940459884865
95,full_operator,Full LLM operator,3.7367596283747693,0.00016659612387441905,0.00565177659432733,0.00565177659432733,0.006619111861344588,0.00962591008329882,0.06140073254515362
96,full_operator,Full LLM operator,3.710138597187828,0.000167952190432032,0.005477407554636138,0.005477407554636138,0.006519203001593926,0.009498103487940134,0.06213194287213904
97,full_operator,Full LLM operator,3.6837907313523157,0.00016928482726902413,0.005310268376676591,0.005310268376676591,0.006425199587551779,0.00938486300204792,0.06284292524454436
98,full_operator,Full LLM operator,3.6577079290659533,0.00017059109910801974,0.005150556974117897,0.005150556974117897,0.006336809104967325,0.009262303456039784,0.06353187088567472
99,full_operator,Full LLM operator,3.632143139142434,0.0001718601707177202,0.004999197216421184,0.004999197216421184,0.006253809882538694,0.009104008633745088,0.06419412573353311
100,full_operator,Full LLM operator,3.6075228931676424,0.0001730754867948544,0.004857440436027959,0.004857440436027959,0.006175534706724198,0.008909292557683175,0.06482290878060959
101,full_operator,Full LLM operator,3.584371527633422,0.00017421785835222703,0.004726576731885984,0.004726576731885984,0.006100881635368568,0.00867011803027822,0.06541043470396786
102,full_operator,Full LLM operator,3.5633858645009,0.00017526947888521204,0.004607713108519138,0.004607713108519138,0.006028827540697744,0.00836338562688166,0.06594941827666435
103,full_operator,Full LLM operator,3.544605113620017,0.000176232707782629,0.004500251472822334,0.004500251472822334,0.00595944526439617,0.008056621875549947,0.06644017655587914
104,full_operator,Full LLM operator,3.5278579538573602,0.00017711979515981952,0.004402899423986468,0.004402899423986468,0.00589354906584856,0.0077861516400494,0.0668868288070597
105,full_operator,Full LLM operator,3.5127132395675535,0.00017794933764049922,0.004313802344025604,0.004313802344025604,0.0058319668512535625,0.007605747263271785,0.06729598060045007
106,full_operator,Full LLM operator,3.4986801897449116,0.0001787385648559535,0.004231133443659941,0.004231133443659941,0.0057749723175912525,0.007481829556074675,0.06776720161015483
107,full_operator,Full LLM operator,3.485375768969148,0.00017949913373043163,0.00415351895671106,0.00415351895671106,0.005722344629668195,0.0073909876043343585,0.06832075390810836
108,full_operator,Full LLM operator,3.4725858431623813,0.0001802370755408038,0.004080174608944877,0.004080174608944877,0.005673759432930813,0.007316319027796119,0.06885279868597559
109,full_operator,Full LLM operator,3.460174690821123,0.0001809554936337607,0.0040106401941913785,0.0040106401941913785,0.005628836679513651,0.007248842409053741,0.06936411772776534
110,full_operator,Full LLM operator,3.4481518747074515,0.00018165437712622145,0.003944893286927974,0.003944893286927974,0.005587354030453986,0.007178432155762396,0.06985432849187823
111,full_operator,Full LLM operator,3.4365398203357724,0.0001823331593537884,0.003882954606690636,0.003882954606690636,0.005549063161630093,0.007103336502451158,0.07032285090970243
112,full_operator,Full LLM operator,3.42540381376273,0.00018299080008416353,0.0038249139110350266,0.0038249139110350266,0.005513776769041924,0.007024058786200863,0.0707689366577768
113,full_operator,Full LLM operator,3.4147382030008187,0.0001836280631754951,0.0037705636157730235,0.0037705636157730235,0.005481371017389753,0.006967858720841826,0.07119255078403752
114,full_operator,Full LLM operator,3.4044811512516397,0.00018424700094971837,0.0037195080643046595,0.0037195080643046595,0.005451805423754046,0.006915079783069164,0.07159418035043356
115,full_operator,Full LLM operator,3.3945476420946243,0.00018485006816373772,0.0036712984788368663,0.0036712984788368663,0.005425053008663469,0.006867163031530302,0.07197449438515204
116,full_operator,Full LLM operator,3.3848555149018376,0.0001854393446023902,0.003625549407307306,0.003625549407307306,0.0054010518134723195,0.006823207387694465,0.07233404106007515
117,full_operator,Full LLM operator,3.375349810514344,0.00018601614230433856,0.0035820072984398457,0.0035820072984398457,0.005379714653566666,0.006781074316078261,0.07267309027876294
118,full_operator,Full LLM operator,3.3660057255288787,0.00018658113789351113,0.003540535569385379,0.003540535569385379,0.005360959420607301,0.006738906948420922,0.07299168236449721
119,full_operator,Full LLM operator,3.356816080357394,0.00018713466349375258,0.003501065983438742,0.003501065983438742,0.005344719596636492,0.006695678623411802,0.07328973948070273
120,full_operator,Full LLM operator,3.3477779722586516,0.00018767696787614532,0.0034635454136401184,0.0034635454136401184,0.005330930474208,0.006651175142652757,0.07372106096599287
